Size,NumBedrooms,NumBathrooms,YearBuilt,LotSize,DistanceToSchool,DistanceToPark,HousePrice
4174,3,3,2013,3176,2.4805054016718944,5.668050803767417,579861.5832616738
4507,5,3,1986,4743,0.6729253240744183,2.866508542457136,631812.9316866018
1860,5,3,1998,9792,3.4425504916520118,7.8467514293649065,396780.77517086273
2294,1,2,1970,5422,4.754508374405773,8.876375013754835,370335.3032282028
2130,1,2,2013,4824,0.7717383445859068,4.046560692709333,340885.02515425405
2095,2,2,1954,3451,3.696027340932453,8.64293169575879,304631.58533540106
4772,1,2,2019,1628,3.197966939252519,2.744042573817691,546045.0808213818
4092,3,3,1953,8778,2.959664681339689,5.393143138447686,559985.1764706746
2638,5,3,1988,4696,2.0115891499728624,8.601738155403169,447546.828323977
3169,2,3,1984,4674,1.8401450739936818,3.326225291896325,482504.2748538427
1466,1,1,1950,4929,0.3217210261925505,9.54501842427305,220442.0386408961
2238,3,2,1973,3765,1.1677526704348662,1.306607067635698,312331.9157475796
1330,3,2,2006,5369,0.17436672320545182,0.28092319026271173,293686.09640568553
2482,1,3,2019,9307,2.9489438173519007,9.050939990524087,439262.45893830765
3135,5,2,1990,5956,0.6186808558017534,0.7796217948639351,494663.33470470377
4444,1,2,2003,1692,4.377795030745609,9.919703039880169,508243.5285071717
4171,2,3,1995,4162,2.6634008014161097,9.51882893359315,548826.4846741075
3919,1,1,2009,2105,3.528480554387672,1.4565070093595747,451855.5533330199
4735,3,1,2009,4008,2.113199750018433,5.422087794356401,568355.1489808143
1130,1,1,2006,3161,2.8468410641051385,1.930710944924729,215058.45414748567
2685,5,3,1980,9345,4.719029967136489,4.338736212998186,474472.0802193736
4380,4,2,1973,4699,0.5053967941559868,0.7081087796723435,583741.2360771012
1769,1,3,1985,4786,1.3442950824261113,2.3168534191862364,306578.71631324
3391,5,3,1979,5200,3.9219428018616673,3.6964006843491055,502190.41417564097
2515,5,2,1973,2913,0.5838123137250627,4.4426102524359425,391474.65675467864
4485,3,1,1979,6520,0.4707394091301432,9.777212956268043,614142.7215143675
3853,5,1,1956,2772,1.8715528538947892,8.097869892271415,495155.1028347975
3433,5,3,1984,3780,0.5516229965149183,7.400358448688267,498115.3441297554
2215,5,1,2004,8423,2.9668843668103952,5.416709015945545,382863.5942958887
1955,5,3,1963,3871,1.2087487290013392,8.415977829983,333516.6565185184
3324,2,3,1959,1660,4.488920019676924,3.45929607299154,417085.6932035643
2184,2,2,1965,7242,3.939150396141758,7.118101216455829,328757.1177980177
1459,3,2,2003,2132,3.5285555098874335,9.938461356243904,259135.23599411146
4385,1,2,2019,1699,3.12302573418406,3.2148261984584683,481789.7200146602
1021,5,3,1993,8470,4.330982078673171,6.772773595351277,314075.6821967778
3300,1,2,2022,7297,1.1930041015595088,8.458717155108586,493553.8120932025
1747,1,1,1994,8812,4.378233329544715,9.166495075171655,322517.18794005754
3904,3,1,2005,5557,3.968512262277857,7.207533640307008,527455.6961393828
4632,5,3,2006,3179,3.7659880492996596,2.907718441829649,611078.3856065909
1474,5,3,1970,9275,2.850152822567128,3.3301933005325703,371355.0042054019
2082,4,2,2017,2422,1.3065963887559406,0.30550451802724565,349220.16399390704
3558,1,3,1999,4180,2.1753847883602924,7.632771178947945,448404.16973036516
4753,1,3,1982,5316,3.988496207240128,0.5231221000133186,610671.0356583638
3047,2,1,1956,7696,0.25571457335088976,8.660058310567182,415736.3004112645
4547,4,1,2019,1614,3.932048769392416,1.274740083297934,557909.44639768
3747,2,2,1964,5570,1.276346628389076,1.8015774701456502,535745.6859934138
1975,2,3,1981,1270,0.8071150835358548,4.817612061239149,314842.55057572474
2806,2,3,1969,3468,0.6669364590834806,7.405016110170549,387193.6045706121
1189,3,1,1964,4607,0.23352505855899405,1.4761218314708693,252114.55298805822
4005,3,3,1997,4075,2.6655737775851196,4.456703643158335,557716.2788716449
3734,2,1,2020,1289,1.1694733761992746,4.880227616660037,441359.1689217054
4005,4,2,1970,9120,4.948215652320195,2.2016278525190542,536132.5385363869
1562,1,1,1991,7614,2.9147401037738088,1.2440279291382543,260975.52036761827
2899,4,3,1975,4252,0.7756378198444511,8.380567137557831,462887.2797766544
4638,5,2,1963,8415,3.4749364499756905,5.0744099326513785,629468.8651446094
2267,3,1,2006,7771,4.498943475897654,0.24237423624311444,374795.7587633768
3879,1,1,1986,1278,3.751379527311111,8.049514882960128,408602.994064961
2528,1,2,2007,1580,0.4745553190932936,9.80985867360439,365681.74431127764
4202,5,2,1970,5958,4.489832487844032,6.098669334601048,524428.4949390241
4556,5,1,2018,9445,3.9902539907138275,5.0867130321323,629404.4666929449
4890,2,3,1952,5276,0.8756891105175103,8.79631704414512,631454.5145855433
1646,3,1,1986,8997,0.3537508547908027,9.529916217877526,302318.7006073815
3068,3,2,1998,5776,2.830821819040112,7.569915467434359,462618.561026374
3888,4,1,1968,1824,0.8645754755658869,4.50998400436945,463323.259046769
3214,2,2,1961,4832,4.189495667716833,5.9629918533812605,397288.1179517084
2297,2,2,2010,9891,1.8558398176912017,7.039260113678193,441521.1820907553
3435,2,3,1990,6445,4.573172979209219,2.023308352917834,499639.4306130161
1600,2,2,1982,2380,2.8718720434909284,4.527290218942737,264794.0711245951
3363,3,2,1999,7534,0.995094682774374,8.315230520701121,526713.4877564809
3061,3,3,2017,4156,0.7840344500630205,6.581780950134585,421772.06780953176
1241,2,2,2020,5307,2.9247149440329943,4.170920265397355,279571.15781384404
3041,4,3,1982,6634,3.8332296981259755,6.667289086745345,458886.05873273785
3824,1,3,1973,9575,3.929377673936693,1.2704018795173528,539647.253935321
4417,1,2,2010,6810,1.4512112817622784,4.074826344592275,600717.9387999082
3612,4,2,2010,9533,1.1008091186696207,7.951972525834258,559313.1664126286
3945,2,1,1977,6934,0.18210589201267383,2.2830369926528156,539536.8550564143
2363,3,3,2007,4109,3.42807584088573,1.9410189248184353,389491.7425204313
3139,1,1,1992,5082,0.4751844663243411,9.513104733172671,420695.1532288868
2390,5,2,1990,4240,2.1617298886530367,2.177986532903684,382108.93218352535
4003,5,1,1988,7028,3.0482426036896513,2.683093938536664,533857.0272598523
2478,4,3,1998,2849,4.691833830106417,9.699197795152946,365825.28163936484
4499,2,1,1966,9497,1.6278304710832665,7.373614845623754,588800.750189361
3556,1,3,2019,3749,1.3238835959879471,7.026005676932929,534189.3441986181
1775,2,2,2019,7680,3.3053847560018825,8.543971200160355,366667.23300210113
1034,1,2,2014,1205,3.1342712570625504,1.2466485141442634,180966.0756433551
3253,4,3,1954,8352,1.7273379382098106,7.088966742142071,509799.4971134584
4152,4,2,1951,5591,4.647698993997954,5.086517232349565,531030.5283187397
2955,5,2,1971,4450,4.2398254046992,8.308591338812985,427097.6140150714
2585,2,2,2006,8214,1.1975144747388977,5.130603014785423,436200.07956237555
4943,5,2,2015,4811,1.2717984726291638,6.24038940726223,676360.918544704
4459,2,3,1965,6141,2.6102716997466953,4.829647051355406,532406.2188135629
4073,5,1,2000,9501,3.89050329848053,4.833773343202856,593853.6834821333
2021,3,1,1988,3708,0.31579785900347557,7.702902782812132,304419.68733783753
4461,3,2,1989,2991,3.497342253300063,6.322807366408104,541101.7230824595
3613,3,1,1987,9463,3.2763558971722753,6.369305695933163,531064.0483814469
2129,3,1,2009,4273,1.2342524699736426,4.557796589932106,367237.42938829504
4843,1,2,2008,5538,3.4386297648826094,5.357984013741523,623408.9300426736
4893,3,2,1959,9712,4.706897637135205,7.482604895427394,633031.8747746747
2500,4,1,2013,4722,0.32925064036166574,8.27681509920799,370776.8186962055
1702,4,3,2012,4551,1.6662950709311066,6.995957881226057,284757.67820192483
3449,1,2,1998,3832,2.2470659116651412,9.248322589572263,453886.66778372915
3777,3,3,2013,6679,4.506375758730979,8.221208472657288,560317.2348895767
2579,3,1,1981,7579,4.815081088384868,5.662451519114232,380914.8728370008
1161,3,2,1956,1152,2.276164707832028,6.746920119172994,214667.18051842673
1201,5,3,1970,6754,3.775139219496737,9.270451941519841,266590.0472443466
2981,2,2,1969,3800,2.7051390164459668,6.229763638006278,395919.7621506629
1995,5,1,1975,6310,2.735136380232745,8.265588785000324,331652.7101220782
3317,2,3,2017,3610,1.4626876238251467,6.919223985540872,478365.16421021207
4934,3,1,1964,2104,1.1630856047330098,5.564169974498618,596919.0352609145
1815,3,1,1963,8361,1.5112261950278019,2.494198134611996,322962.8264082737
4342,5,2,1976,5199,2.826007235559689,4.317375442737438,578346.7393640135
1455,5,3,1989,4854,0.2428604115082361,9.680653965853786,307411.1743803944
4533,2,1,2007,8263,4.545519827346388,6.61187729439874,615162.1129972985
4798,4,1,1977,2914,0.8657901767939035,5.687514265355997,557299.6103991019
2275,2,3,1975,8365,1.1784345166697943,9.33627059272945,390861.5681669733
2016,5,1,2012,4072,2.6395532645934674,5.906466632270742,371594.50838671176
4773,5,1,2015,1406,3.579562355052669,5.308216932332289,593518.837253835
3343,1,3,1974,1166,0.5690723682475468,7.617177465987032,430593.9276587498
4796,5,3,1952,1508,1.6567040179810948,7.15538962796679,604174.9313926534
3767,1,3,2021,2661,4.84650556731435,2.012284083243484,477137.62833302846
4820,4,3,1993,4664,1.3854805372266341,4.7659519182837995,650576.1004984325
1337,2,2,1991,4489,1.63394571080942,4.777902883913893,252645.05178212313
1878,2,3,1955,1680,4.198842604028364,3.8444227009091136,279353.9362680491
2076,1,2,1988,3524,0.3460507152832307,5.221205473307306,288263.71323775034
1791,2,2,2001,3120,2.3766045271639573,4.1897632374987275,301184.2542820679
4993,5,2,1972,6260,1.9601221458131846,2.073520345764713,684858.4624228955
3264,3,1,1999,5357,1.6512751235523908,4.1824282240193424,451454.7336558072
1763,1,2,1992,2363,1.4999280108193465,0.8155417809744483,289056.78603104496
3235,2,2,1968,3292,0.5477331138160051,5.800280041466674,436587.9798863448
1379,1,1,2018,2538,1.6426465638230794,8.551180034517008,211860.78434304646
1492,1,1,2000,4408,0.310956773306776,7.2803421351100965,231774.36026921374
4112,3,1,1960,8742,3.926722931857733,3.6679009965357015,525450.7145697625
2180,5,3,1961,9752,2.051316190394257,0.962004935215351,439159.2654959077
3062,1,1,1957,2903,2.275128778367567,2.1012790523301805,367630.17441612785
4884,2,1,1973,1174,4.478613473605645,5.500354370898873,562748.4386987068
1064,4,2,1990,3230,3.324469420919982,2.1498651254920254,249245.19001398596
4928,1,1,1985,5287,0.13948960637638697,5.485333801721178,616262.9178289429
4910,1,3,2021,5160,4.721556632510296,2.3928303451625994,640861.0025265303
3568,3,1,2004,8106,1.262007883290785,8.50434630781312,494301.63528929965
2367,5,3,1958,4171,0.6273095053233083,4.032987581120551,405247.2508117627
2152,4,1,1996,2567,3.863828074066323,2.5309511968504617,316796.97173338244
3027,2,1,1964,2151,2.5523388477469195,8.14202918444591,341038.64880570455
3695,4,1,1997,8619,2.225475773488286,3.4941057515739624,562267.5005521589
2495,2,1,1991,7033,1.322565090445435,1.2037281096039414,408059.23393675196
4134,5,3,2009,9560,2.7826103003253615,5.747053964896052,619456.911645136
2162,2,3,2019,5946,1.4444845654926788,5.857485623936088,377824.1934462699
2522,3,2,1961,9234,4.517756725906631,7.175487184833768,392776.7247968235
3640,3,3,1951,2907,1.1545019506926448,2.478172388763017,501016.3487337661
1391,3,1,1956,4490,4.4333402372331925,4.493336257013226,233734.46616590073
2698,3,2,1952,3535,2.8410865860640495,2.895442398522297,373437.2689268846
1418,4,2,1952,5173,4.1595918560866805,0.9014419875453125,271807.7443400038
3336,5,2,1976,2293,3.59294537971868,8.778476887457327,420534.1522850386
1378,2,1,1989,5769,3.5138060460400684,7.315811064434578,251232.3843325341
2796,2,3,1982,5796,1.6892944577057731,3.0844842886421273,433511.3359119076
4561,3,1,1950,7871,1.2460949642137973,6.033792629432664,572464.8688983265
3278,3,2,1957,3972,1.133342515635862,2.092511502531277,416110.650440683
4065,1,1,1981,4922,4.300239119591985,8.913342555778131,484844.68496998894
3088,5,1,1997,5997,4.120091419269198,1.2375727992829122,461071.1680287273
4099,4,3,1953,8032,2.258810287260306,0.1379877405272289,559738.3247890394
3182,2,3,2019,1992,0.7487826061326276,5.069881157617903,457675.92722484755
1200,1,2,1968,9112,1.9730360346895464,5.872965452183406,270326.64941133885
2863,1,1,1981,6287,3.134782925270866,5.831756670928463,375579.737839764
1779,2,1,1958,3240,2.326575456951769,0.6396680816344803,263124.2186815102
3977,4,3,1961,2476,3.922927415566676,3.209033688492482,515983.0809081277
4104,1,1,1960,7426,4.988351829031789,5.042069573729185,508839.5913878392
4119,1,1,1995,1389,1.0365472333995946,2.2441339377096847,495048.06855279347
1502,5,1,1965,1999,2.352289016331905,8.738996266310375,251385.69677504056
3454,4,3,1950,2855,2.2118211194120283,0.962381965668197,495764.92230620177
4645,1,2,2012,9125,1.5920134104698593,4.925105972553224,644131.330750789
2751,4,2,1970,9850,1.070668031929419,6.945018969380206,455260.8260554363
1804,2,1,1979,3763,0.42189137079933026,2.6913358913313763,268273.406359608
3146,3,2,1962,4663,4.446884654396122,6.27998329627543,400949.41837437154
3731,1,3,1983,5986,2.1572586186629565,8.310912986409509,516886.38678253384
2895,5,3,1953,2481,2.53478804065024,1.9843360534409709,451077.9580363583
3773,2,2,1977,8256,4.593016036184488,9.180483859066142,507545.38384026836
2570,4,2,2008,4731,3.903823339828145,5.580229473357344,410702.81878170115
1960,2,1,1976,8262,0.7394561941742027,3.0623968425804997,323314.7220962452
4810,1,2,2018,1451,2.870557841277938,4.36549692628448,578187.8121705385
3660,4,1,1974,4093,2.2670361549458398,3.190699649485241,503091.06213727436
2485,3,1,1952,1882,4.006334255635938,7.2786004833398295,318234.6877051194
3690,2,3,2017,5408,3.6487394832985514,7.983376567809809,492436.6853529143
4840,1,3,1974,5068,3.4829880373642528,8.346080183954744,615832.8759499348
2028,5,3,1969,4277,1.768669693851495,9.859105670898838,372192.0614357147
4289,4,3,1983,9566,4.044322278956347,7.933714495717167,629874.4135740428
1502,2,2,1975,8951,0.35671734841482006,6.053702299816777,331223.153212156
3814,2,3,1954,5690,0.8821620170176194,3.45828095407866,509260.8681664824
1397,3,2,2010,5595,1.7445540375917676,5.491494942236419,296200.9979658865
1870,3,3,1958,5559,0.4763564612394783,0.5065749106250137,369405.12160193967
3842,5,2,1999,8291,1.251471959919989,7.473768247746139,601777.8616219813
1392,5,1,1955,9160,4.1677398166897985,4.514959896411807,302407.24050025863
1206,1,2,2009,1112,4.7464325351713885,0.29822997434865745,183029.70287977677
2038,1,2,1993,6131,1.5925515432935335,0.718818720953067,320619.1481501937
2881,5,3,1960,4197,1.3961274395453076,3.935917991835391,449944.31829930516
4625,5,2,2015,1139,1.471473996007492,5.875873038282507,600272.2417561968
3939,4,1,1996,2424,1.4608235280191348,4.695619094626054,500632.8278197332
2484,3,1,2022,3949,0.2760578927112677,6.230122741192333,363683.88823131827
4762,1,3,1952,4168,4.641890097022429,4.854913162034422,583054.8578606612
4646,3,1,1979,9708,1.1471208936946093,6.650868070265333,629496.8344351526
1863,3,2,1970,7043,2.1580199629988845,2.2693480402409287,342967.0384757741
3790,5,1,1977,7989,0.14746572543074193,1.2171475531178522,565804.1990122106
4312,4,3,2011,8236,4.30397994548378,6.004696150794033,624562.4083682268
1563,2,2,1982,7261,3.682670987829095,4.898426217669444,285323.0512955963
2020,4,3,1984,1887,4.739104572351145,0.3659897750448594,349459.79382937186
1095,4,2,2001,4104,3.9299158480623557,3.866770666381055,230876.4803627038
2923,3,1,1983,1049,1.63716190905512,1.1506432963608555,364070.06316912343
2757,4,3,1990,4951,1.314579457769276,5.360432634351683,471461.6263853514
3532,1,3,2000,4560,3.5188099070111356,4.018199028638264,474747.26641611283
4478,3,2,1996,1018,1.8841525975514475,6.170203919919877,546916.6802195117
3278,1,3,2007,5821,2.8744535771878215,8.07546196582536,467322.87276597496
3796,2,2,2006,7340,0.13066160802970414,3.0667199700307592,515115.54236414476
2678,3,2,1972,9058,0.4032399382343287,9.624810831233772,438772.8364374987
4242,2,2,1997,3606,2.7233029117900913,5.402781555816987,518028.2686136616
1540,3,2,1971,8846,2.873751067596009,6.221078907672401,320961.7744072188
2059,5,1,1966,9643,3.7821194278507844,6.8386564949347965,390193.5165666335
3572,4,2,2018,7432,0.7466300661574126,6.700642145590138,504302.7328601497
2183,5,3,1960,4765,2.614597110408216,5.158610356146115,368080.06441180717
4910,2,1,1964,3438,1.0527934577152742,4.344766482035366,585317.7308886878
2722,4,3,1984,7358,0.556660985857204,0.6324414453560413,429197.2752567624
4314,3,1,1982,9319,2.111429390896718,0.3186498684816794,619939.5103854793
4157,4,2,1965,6941,0.9003495756363805,3.6438158258743703,585562.2770320135
2819,1,1,1983,8644,1.1867316931423613,3.4032428172735574,440667.3551556527
3625,4,1,2015,5855,1.6560174413605588,3.938182032906167,503552.77349806245
3729,1,3,1989,7547,1.3710031636416617,1.4698451887930812,534178.7235874748
3604,4,3,1977,8196,0.5291973572891374,7.407865878314752,556087.4202392582
2597,1,2,1996,6911,0.5405895998125413,8.583947706284766,446787.28524568334
4060,2,1,1988,7481,1.046922134647424,9.393274890202946,565044.2216465013
3693,5,1,2019,3761,0.3477400210017409,4.974386804844296,520843.8670803219
1795,3,1,2022,5456,3.1696393964169434,7.038570421341743,315761.2680295892
2051,4,2,1969,7361,1.5079009108936199,8.569956122015137,378298.61555521545
2643,5,2,1950,6693,1.4707552420684482,4.241081999825511,470966.23820966145
4627,3,2,2021,6788,1.7267916417650495,3.1631866692173993,645437.2509830984
2363,3,2,2012,1201,3.3477017436276366,9.373573102949551,337617.10610128765
4869,1,2,2016,7160,4.366106019269104,5.205197855663023,621192.3041156918
2981,2,3,1953,1517,3.8195259695226285,5.0228134772496915,388847.861625526
2354,2,1,2007,8737,3.6648932281029656,1.8663193559786082,372838.77813648235
2663,5,1,1974,2988,2.4735168094441615,1.1707346442762319,388063.52807004045
2529,2,1,1996,4802,3.499647229140318,8.436857938586765,322832.9733198808
3038,4,1,1987,6808,2.808535603364558,6.179918444256429,438447.39175079414
4419,2,1,1964,8162,1.1596275881139917,3.325663381792542,589588.8557721842
2496,5,1,2012,7241,1.1220830019311487,1.9981885521636382,436283.8695249277
4302,2,1,1970,9399,1.552320833688889,5.59942307367935,565076.4803568432
3237,4,1,2006,6633,4.562933087752085,5.88080096368524,458194.04338922154
4296,1,3,2002,6755,2.782332717860657,2.149236652326076,611295.7934922149
2408,5,1,1995,7309,3.6961363473091606,8.528916904125593,368672.3674388602
2400,1,3,1963,5117,1.7981379231010834,0.9342172249429258,347153.2202013251
2306,1,2,1966,9345,2.0978072762596036,3.625321543147575,362842.9630320045
3680,1,1,1988,2518,0.7152713353225317,6.835805696248969,445054.28034180554
3675,3,2,1958,7163,0.9393452933261849,2.813791601810087,491984.72058643517
1972,3,2,1955,3600,4.154047118648113,8.293984428334591,309195.81183374446
2768,1,2,1972,3195,2.965709295275522,7.424691483343994,342510.91286316107
2282,5,3,2008,4554,1.753909082830713,7.911326161026529,414046.2395796825
4430,4,2,1995,3849,4.033970924078175,1.2791547051794911,564459.5286560415
1709,4,2,1987,2742,1.3079475376261167,1.491416567155875,300978.90412791906
2479,2,2,1963,2306,4.882560223140999,2.936090003671378,291544.1906874488
2434,5,1,2021,4849,1.789606277956232,5.228963935455854,416739.3295789621
1648,3,1,2011,8519,1.7528236753410154,7.505359159324084,308490.5624965428
1317,1,3,1984,5195,1.6283683371298558,8.381655818532945,246302.16807494374
4748,2,3,1968,6178,0.6983464280290108,7.072919627976087,676095.5284999207
4296,4,1,1979,3555,0.6445720219268608,9.29310912715332,551720.1769823645
4890,3,3,1974,3305,3.275714669217205,7.413560745197709,633006.1940743778
2257,3,1,1989,8619,4.38807841833443,3.132052081345686,378995.3837542201
1683,1,2,1963,3642,3.9735505003312004,2.724304714951869,243078.33158366408
1663,4,2,1975,7409,0.7914272107046204,6.99230525798079,309303.5615393959
2998,5,3,1971,5757,2.7733523967811258,2.0094186300271812,469517.41163755406
4898,3,1,1997,3994,0.617398575285536,1.017876627021672,593071.9436060394
4445,1,1,2000,9751,0.3219437537040795,5.369006461076319,585168.971321713
4743,5,3,1952,2271,3.31629071098536,8.234251540811657,565030.5483248676
2631,4,1,1991,2813,2.7222464350337168,1.103660440451649,372804.6265802897
2495,3,2,1968,9801,0.5019160575362073,7.939724105577719,461028.93855725817
4304,5,3,2022,3461,0.27120230738934337,8.134562843080326,626182.1600805018
4763,5,3,1977,5120,4.94980642570574,4.8745126008072805,632760.6475136299
2136,5,1,1994,7124,0.24710452753045223,0.6673720691038194,387625.6678370409
2853,3,3,2020,9475,2.2781884399457826,1.8284395273471454,444375.072025052
2520,3,1,2012,5396,2.5726332205777087,7.10352012410313,372016.6053350208
3489,2,1,2022,1816,0.6746727242221807,7.1466016554104,417506.5168190719
1563,4,1,1968,8304,0.9284027143546097,8.993717224159887,310892.5197621126
2291,1,1,1996,8331,1.8238445314107274,5.86859285089037,358722.6647186913
4581,5,1,1963,1082,3.8322117934469473,1.3286629403663963,521044.18726824806
4878,2,3,1987,2920,2.5847038778953073,1.3020075644992244,617012.4071357962
4457,1,2,2002,8817,3.225719185309512,7.239210337832555,602067.7767957587
4458,2,2,2010,3093,4.927355319944306,1.9194681845682215,584046.2360048388
4184,3,3,1985,8071,3.863226633034728,3.351016446204393,611171.2003975565
2636,5,3,1989,8967,2.228371340891967,4.923398868526948,484544.20022775064
4696,1,2,1979,9367,2.2875654168030892,0.3451722880038969,610536.7111549529
3999,1,2,1958,6285,3.131983177500925,2.5633083674973256,490557.99336284824
4152,1,2,2013,5937,3.3602895212526316,4.138107124222072,560607.4054182469
1698,1,2,1982,1369,2.5534835365996895,2.868399553082742,243352.79531511024
3160,1,2,2001,2818,3.259819991793402,1.4500662419289019,420418.14562163624
1001,2,1,1963,3101,0.21530922262908397,7.307321352182354,202286.1430181034
1641,5,3,2002,4490,2.2051520330945364,8.15016178616305,309061.30254552804
3267,3,1,2008,2779,1.4667965727600363,2.649041863822876,464947.6829729568
2589,3,2,1990,8674,0.732954781691241,7.766752996602403,457096.1088339213
1854,3,2,2017,2364,0.5877779127629982,3.9169802875730073,278095.32570885913
2759,3,2,2017,8294,3.055641611511871,5.1161893294546275,502507.4515912056
4296,2,1,1957,4676,2.665642681047798,8.574410641442213,517884.9023349479
3432,4,1,1951,3426,1.342562173282209,7.524541449843838,427651.88167528604
4474,5,2,1990,9264,2.4076552879853215,8.07065682803016,653812.3112041418
2661,1,1,2004,9089,2.511938344393801,1.4547671492049326,393926.04839005135
2153,4,1,1965,3962,1.0555440041492177,0.7902223157539218,340774.624727371
2076,3,2,2011,1859,3.2952560032200884,8.944706817971072,298899.08399922226
2707,4,1,1997,5138,3.9265048462918437,3.9395592687538343,435915.10720919893
3777,5,3,1979,3424,3.9781713503586436,2.9500088128898407,528301.138313445
2695,1,3,1961,5017,3.05210217044693,7.274492917192062,399131.4572720298
2733,1,3,1984,9560,2.6070290543431693,8.38051440614058,432263.0383291008
2439,5,3,1960,9342,0.39893500072643495,8.63864725679318,471516.5982174419
3294,5,2,2013,2134,1.510373364372869,3.228371697139751,474708.1602109537
1835,3,2,1999,6166,0.5570300892130325,8.536902672896574,313600.91271459934
4510,1,2,1970,6119,4.822733488304521,0.5052460493060194,556295.8321114065
1202,4,3,2018,6694,0.7618927165062275,0.5916487654512169,368861.1090292684
4255,2,3,1997,7136,0.8436995082704001,6.272840032224129,620548.2029472901
1122,2,1,1969,6485,4.458925429819412,0.7247530542439077,209451.11841852913
1400,5,1,2016,5164,4.725248589034644,3.3136307682505994,243816.81106655745
1766,3,3,1993,3346,3.8525622922510587,6.7602842638445475,292387.0807102875
1293,2,3,1982,6039,0.12648412599608239,3.438942270936841,266989.1570183935
3327,1,3,2022,5897,0.10659672768716213,1.8780378362569496,471858.8183966372
4908,5,3,2010,9252,1.9526937719585091,2.8853711563530324,739882.9825871604
3931,4,1,1958,6041,0.8026373130533734,4.629995789279275,523614.5655730571
4681,5,3,2017,4901,0.19009209654282672,4.806319968019276,704255.3885161454
1197,4,1,1984,2337,2.3739267780820734,7.8517022903372995,193895.82584329977
4029,5,3,2014,2184,4.7210032972941605,7.526516971371974,549062.8478469746
2930,5,3,1957,5426,1.6867159170219141,4.622496265105738,433320.4371148464
4582,5,3,1994,2551,3.339589324300613,8.472106756077837,592142.4793990942
3799,4,1,1996,2629,3.29595323034896,1.230947672054819,480537.08693754865
3191,4,1,1989,2526,1.3302925079593222,2.627998167266125,420587.4599367043
1608,5,2,2003,2361,3.2870837192369353,8.29696698867229,290748.427027453
4272,2,3,1995,5370,1.1404364740057673,3.842140982398916,606787.8679126
2147,3,2,1996,6283,0.6978363265267563,9.813697432059037,388055.4726443983
1186,3,2,1964,8610,3.5367780992424818,4.715907487125571,257413.51033483606
4397,3,1,1968,2993,0.6558600038091921,7.940162667341264,530303.4548763398
3511,4,1,1975,1869,4.984855171087841,4.082839709685482,442664.8119340642
4420,4,2,2001,2014,0.9989167656361236,4.307039838718061,592553.1064816916
2794,2,3,1971,1602,3.011295127506642,3.8905431581134167,367249.84751127026
1659,3,1,1970,1690,2.115735399921688,7.218848643057036,252665.7634533393
3811,3,3,2000,9685,0.7192934697877689,5.520427052193945,603956.0357826214
4002,5,3,1987,1489,0.23643514712932565,9.443403302546853,525144.638691028
2955,4,2,1969,7864,3.1513881832348836,2.5838141336876372,474802.4042018526
3450,3,2,1978,8240,4.0531120625667185,1.0955710476260991,506569.7328081897
2369,2,2,2000,8786,4.225876741383045,3.993288702482231,363309.515464072
2986,2,2,1953,9024,2.465296018076979,6.205455805703082,439430.9928896846
2534,3,1,2004,1294,3.90953178919369,8.6219094754634,329467.5824102676
1146,4,1,2020,6488,3.3969509540938696,3.527349178135244,255351.40647504356
4219,2,2,1977,5027,3.6488471847457533,6.57248883613217,558917.8437501094
3911,5,1,1953,3912,2.5137351255868894,3.5669669421298686,524373.7272434977
2734,2,2,1971,5744,3.203717527186423,6.210473871645135,384961.13531416585
2843,1,3,1994,2873,4.047076976522679,8.859598675603443,379590.5060147083
1488,1,3,2016,4258,2.049632460229413,2.3904406583681497,292616.70357309835
3976,4,3,2015,3817,4.04929661425116,4.101992256859687,553419.9133557508
2959,3,2,1983,9636,3.0008825296664083,9.933325444654491,455472.224030975
2663,4,3,2004,4641,0.9129150194168526,8.698714579669662,365770.77813678025
3598,4,1,1950,5458,0.22095237040046461,5.689934593172399,516181.5410668176
3385,4,3,2021,6307,1.8774926419558453,5.2146131593573255,535976.2829064262
3919,4,3,1987,9933,2.7788120086520656,2.917543784816342,602852.1939333418
1640,5,3,1955,3041,4.215119725797093,5.220373334165941,300617.4106378876
2802,5,1,1974,1679,0.7246798326872064,8.496996832971476,378768.4490329107
3520,2,2,1966,6738,4.0210111036495375,6.883227681450028,465285.39990739326
2969,1,1,2010,6668,4.328744325729412,2.971435878962067,392351.9227645519
3198,4,2,1961,8697,0.8383686863040856,2.094492818429976,462711.40822013567
2438,2,2,1955,9033,4.272812164590674,2.7255645162686086,358952.79606169014
4369,1,3,1976,1062,4.958122482429681,1.7806160937889828,495115.2901598597
2634,3,2,1957,8829,3.6615102721363644,1.046842890634788,432354.04890950274
1262,5,1,2014,8352,3.9453714409424414,4.249448126976344,315736.15760359936
2787,1,1,2006,7915,4.97263481103848,1.2216660835428503,385629.1777719293
3191,3,2,1989,9326,3.0668581275771327,1.8019343214983332,444950.6922318681
3393,1,3,1963,4644,1.6086432718796222,5.518514374960913,462360.6836556785
1623,5,3,1984,5970,4.203901086972673,1.7295328096257898,331320.11744232447
2016,5,1,1997,9003,3.1109803098069935,0.7324096975659382,373417.43901939644
4643,2,3,2005,4278,2.9478575762326873,3.242149615276064,629217.3120188479
1880,4,2,1998,8296,1.3428142220187878,2.2811590763574787,382237.8223230056
3049,1,2,1962,4074,3.806037920956145,5.201521361144329,371380.69606367336
3944,1,1,2010,9312,0.5001696517144717,1.1134341373737724,533277.4569248728
2327,3,2,1998,8552,4.62900664689384,7.542530798061483,389780.20882777026
3301,5,1,1995,2637,1.6965349577753754,9.071711842407872,426787.3581249224
4723,1,2,2011,6103,0.7260957986709532,7.460008222166325,614791.5603039266
1452,5,1,1957,1644,2.2675960122018526,5.374987670273803,252449.87315675625
4108,1,3,1992,3032,0.3081025553570125,8.620611435709963,507863.22755551594
2183,2,2,1969,3761,3.454668351898335,6.9796919598369245,316412.5549768508
4062,4,2,1988,3068,4.5232570011822455,0.20445611225687954,544860.2585352197
3056,1,1,1998,1241,4.202588734978693,4.001492512467581,358771.81709627673
4304,5,1,2013,3668,0.7241104198946173,8.52442380412732,584366.6419987526
4170,2,2,2011,1802,0.7187285718278861,3.524002693955166,526156.9046045961
2682,1,1,2003,6059,4.085828963388894,0.44863021790268265,381328.78655362554
3863,3,2,1958,1195,4.628845945555268,7.487178421667496,463934.29049739975
3255,4,3,1986,3187,2.3572821661840972,8.040178875800398,457603.3615280164
2154,1,1,1998,3330,2.5449584728774535,1.689877580928755,341598.85039848404
1403,2,2,1990,5841,1.659484002790057,5.419670918747494,290044.5126739407
3199,3,3,1966,4606,4.481899079456428,2.000358846057685,479109.8557309986
3101,2,3,1970,9468,3.2600242359325446,7.220420748537053,506179.9369990156
4191,2,2,2000,1060,1.5124327281201058,2.7883495062571084,524395.2722388107
2696,3,1,2008,4927,1.5640360681658332,3.230529713376968,428035.07839299
4991,2,2,1988,7296,4.466880358011652,8.465211451037003,637518.6809827432
1627,3,3,2004,3591,0.1668067171385252,4.815591286848353,308864.86946397176
1586,1,2,1990,9758,1.6813602063605284,6.730569067060653,324839.01453239593
2648,3,1,1988,7121,2.8163477379602084,4.08349320215243,380221.4298597439
2443,3,3,1962,2200,0.8262655642866907,3.0502678862181787,326584.31773015234
2445,4,2,2013,3854,0.5512838955779901,6.2922327982041475,381940.50286272535
1103,3,1,1960,8024,4.094854022343744,1.6330899833803307,238390.27056431843
4923,3,3,1968,7972,4.482581504377685,3.792698372111944,679552.8898157614
1253,1,1,1960,1136,4.135671461911128,2.169466670120631,145201.79192879665
4298,4,3,1995,2029,4.504060659713003,6.98837017271338,576784.5755992647
4183,5,2,1994,3594,2.810248658186021,9.447667499626466,532027.4294933059
3557,1,1,1950,8206,4.080064792852675,9.955558583357076,432513.6681295906
2496,1,3,1989,1661,1.9818089281163922,4.557740423371748,383726.34700397536
1098,5,1,1968,3472,3.364712521247289,2.6000508574008006,218548.80693561267
3200,3,1,2021,1086,4.945294103806906,4.484010766804809,397177.07980846777
2884,2,2,2021,7219,1.2060658468117245,8.487967158630966,459777.30340546696
3961,4,1,2010,9143,2.010508756826295,2.1394562176651952,554709.9349838423
2919,2,3,1961,7968,2.45223214881942,9.525746951363946,442176.1297330625
1877,5,3,2010,3773,0.7762758863982535,3.484471111101695,371617.3726194381
1337,1,3,1982,2700,0.49708919127877826,9.859456228558019,272482.7165386367
4777,1,3,1994,3700,4.16564204497596,8.402227986586226,557561.2190025059
3869,4,2,2018,7815,4.886292426855173,8.104848288059165,595273.4958851804
4234,1,1,1957,2647,2.0831528127653276,3.2472562703555075,480714.024899317
4791,1,2,1974,7038,0.529484197353801,0.18689439828450172,599934.5596356062
1956,4,1,1995,6164,0.42247762738382477,3.88311579737728,321411.80174301576
2704,4,1,1979,6520,4.467459211165464,3.0879127596606675,403637.77752459614
1160,5,1,1996,4687,2.372689823665632,0.47023020504709323,230092.13107525423
2603,1,2,1998,1596,1.6681338511557207,5.103116039408704,339113.7438029507
3848,1,1,1996,5545,2.434660229073058,4.090009981699093,485488.62765537965
1397,5,2,1967,9676,1.659690063992502,6.382109030641095,356652.9554374929
2300,3,3,2015,9837,2.4962752990073382,6.249744589721423,466007.94810052135
1815,3,3,2017,5757,4.311826344897891,1.2953916953771332,340355.62877775426
4987,3,1,1982,5384,3.002276718204269,9.771958906653563,603002.9940979067
2527,5,2,1985,9912,3.5038034867698595,1.9506211514703247,421442.6634111655
2919,1,3,1968,5733,1.8868863135482494,4.508212845170575,387005.44532221375
2415,5,2,1977,8081,3.718678804701542,4.932363679993975,391203.19334464596
2158,5,2,1989,9690,3.3664237159089248,8.14932169241979,433180.5069545518
2218,3,1,1964,8117,0.6858537889850767,1.082373001337003,384559.9724981668
1400,2,3,1990,5729,2.9059499802663646,4.343578364164464,299585.396986436
1639,1,1,1988,2673,1.3580431319178143,6.322171485338418,210865.12312266097
4104,3,1,1951,9306,4.040068781204605,2.23004065407815,530796.4238920759
3735,2,3,2012,8178,2.187094771488004,6.31193219778412,545376.1733812034
1459,2,3,1978,3294,4.973952409462787,9.244281891741561,248905.98864853327
1954,4,2,2015,4630,0.5532521459009226,9.975429498609483,350377.23863924353
4954,1,3,2000,1146,3.9237045274267772,0.42126566022768963,575281.0745687218
1469,2,2,1959,4453,3.401138494356567,2.4323234596223076,256976.32022656573
4446,3,2,1963,5507,3.860744269894457,3.172040446337805,571773.1658082748
2045,4,2,2000,6783,1.6068959979032362,4.0513483944051645,364167.7096342197
3797,1,3,2022,8751,2.511066997973763,2.4983458600891972,577741.8869826926
2693,5,1,1988,6628,4.0028917466461715,2.114531146097594,438436.717487282
3085,3,2,1977,9328,1.2394525249421897,9.55008303993325,511593.8698778207
3277,2,1,1952,4360,1.2075626642643953,9.193363867428127,420382.06594344706
4436,2,1,2019,4005,2.800149671145169,0.565225759930863,566309.3847525304
1562,3,3,1976,4552,2.6654615396962935,3.454248913887997,296635.6651071443
3485,2,1,1951,1018,1.483086105023371,4.110970681416226,421747.8567041701
2799,4,1,1987,3242,1.5605706875716316,2.466243893192839,372643.8736421532
4354,1,3,1952,7318,1.461441299712171,6.325841680182937,597723.9546894195
3074,4,2,1965,6097,3.88040910379259,6.439769391777986,437776.090405643
1225,2,1,1989,9640,3.2943142412560573,8.51999186045311,296727.17347730126
4348,5,3,1951,2948,4.178844198710238,7.434605757013657,571715.3013902366
1797,1,1,1990,6618,4.879817838738707,5.47147593696296,278152.1102478815
4680,1,1,1961,5236,2.423405051732734,6.570509023439757,545942.7127398112
3331,3,2,1984,7901,0.4268000188866994,2.8124889372758792,518175.7680572594
3926,3,1,2014,2920,0.33565232101897363,5.97125628067684,519192.9690679494
1959,5,3,2004,5188,1.548758692430934,4.9433498220242,377625.99662581057
2504,1,1,1994,1238,4.669468487827009,1.420110226432067,305349.2624997998
1452,5,2,2011,1204,2.663743969357287,2.5011883381714104,293347.8935620142
4067,3,2,1998,6552,1.431753928792633,2.987765162143702,542306.340036288
4900,3,3,1974,5927,2.0559172931039957,9.250664713820324,659757.313231734
1815,1,2,1972,5390,3.033116026282887,2.3808277299203056,302777.88370585226
1658,4,1,1973,3687,3.299453324875427,2.963514637914715,291942.168248938
4587,2,2,1987,5951,0.8542055979362346,3.75660588788538,587869.2920963687
1546,3,3,1977,7160,4.887455215071363,6.6710531123913315,312205.9925341097
2215,3,2,1970,6388,2.7693839122156656,1.2705600854741912,367863.88787354546
4120,4,2,2003,6126,0.7648727571821686,9.544057603688383,594667.5089544054
4583,4,2,1967,1816,4.478812741396055,8.669155078938168,555979.1197973016
1016,5,3,1985,1192,0.4657283122892012,5.814439122788607,221585.81733951988
4243,5,2,1994,2776,4.547903622569812,6.772974887507072,553868.3876568768
2243,2,2,2022,4645,4.983171715816014,0.26493866531773835,395153.7782410104
3205,2,1,2002,7314,3.5321158158668693,3.4555532759496423,464259.0191639423
3524,1,3,1979,9442,3.87519138326255,7.9770362835482755,550227.9456908709
2069,5,2,2009,2788,1.7527838986906834,0.8670814405446203,379010.2266118982
4444,3,3,1981,8374,4.713726578396275,2.8949069586861302,647924.4988581006
3565,5,2,2016,4700,2.6955984339310017,5.894438600509682,526826.9424495294
3146,3,2,2016,4893,3.6887033883280194,2.638488974219524,469384.8962763827
4963,4,2,1977,7811,4.62812780796527,9.34638194403074,654033.3341489704
2768,5,1,1993,3679,4.8783818822799905,1.3974804449624747,392887.42744462803
2060,4,1,1990,4904,4.182701347323705,7.994204143287008,334476.18872147653
3327,2,1,2012,8260,1.5847857842119473,5.128692049873441,476327.34024892276
4420,2,3,1972,1504,4.8360828311052035,7.528274680617565,567538.9574841491
3544,1,3,1997,7773,3.177785703093502,3.1760817502833296,501504.7303804837
1301,5,1,1981,4816,4.660148134124603,5.193447062889184,264993.574664831
1180,4,3,2006,1717,3.4129146264903243,8.582669962259445,278596.1852513607
1606,3,2,1982,5434,1.6054709130538305,4.7220931813187335,298158.1171742041
4170,2,2,1973,1658,1.9131201682997983,3.6612266329116694,483093.6263028261
1699,2,2,1988,6057,2.7973117078044085,5.407938323902087,326686.09492272296
1992,3,1,1983,5008,3.971072723643422,7.201891255060032,306290.65132772794
2139,4,3,2005,5994,1.6581145015676413,4.491277120435177,418324.4718237615
1190,4,1,1977,5234,2.9406827140575413,9.394882053908502,232052.61239905746
3300,5,3,1986,4764,1.7935624685243676,3.0199636580191864,541790.7176458068
1980,5,2,1956,5637,4.097270082712026,4.807089701074292,293236.39884123864
3975,1,1,2017,3104,2.3869676594629574,7.593583827480271,493535.12890087964
3006,2,3,1986,7801,0.4759418515791376,6.922298795908006,507642.9816212283
2184,5,3,2005,9575,0.9136573552595283,8.650046418929845,454038.44770136045
4327,4,2,2014,3607,0.3994128713361983,9.968410888742978,588351.6986149143
4394,3,1,2014,9385,2.546584435470194,4.325897455071386,603010.9441162376
1127,4,1,1996,4719,0.6210527570063131,1.2003937098547874,252498.11266244602
3065,2,1,1969,3581,0.6592858496171974,0.40111721999888295,368175.321269189
2816,4,2,1968,3565,4.711136474188048,7.296081370783739,374529.6096058822
2758,1,1,1978,3763,4.376009853662672,8.752735345956285,324562.1128436858
3613,2,2,2009,7328,2.3152243243756936,2.285054600849745,537101.3035978577
1569,3,2,1967,6991,4.930446072166008,1.6686355681800693,281061.7388852352
2346,1,2,1984,4406,0.10091398803624926,0.7158304061043407,347090.088654918
2895,2,3,1992,9923,3.10849933573963,8.244758925000344,471884.2771905987
3733,3,1,1960,5780,3.1204980691221635,3.182681204936585,465841.93439914624
4863,1,1,1998,5177,2.3414709737624526,4.0767992383217875,595166.2912780999
1625,1,2,1987,7476,2.045045067378035,5.077226896935162,311510.17715483287
4359,2,2,2013,3604,2.3313773638549775,8.410587018674553,573372.8977564857
3901,5,1,2018,9181,2.1333061367904347,6.543248893458701,595255.222068348
2686,1,2,1957,3382,3.6794131396632674,6.189139835592331,355888.94936578535
4009,1,1,1983,1531,0.763241631369092,1.8391537895635162,463975.27137364214
4710,3,3,1997,7079,1.0684321808965378,5.180579927927314,650405.1841608323
1154,4,2,2005,1634,0.9845393191228756,7.182272070068686,223210.8112873478
3537,2,1,2014,1002,1.3861058670941964,9.735282742001868,414769.3141446451
2409,2,2,1980,9397,2.6737662520297585,2.093922461212187,411792.47447222425
1784,5,1,1953,6951,0.6449228619572718,0.1944791953655438,315102.58567924646
4175,5,1,1999,6626,4.35402954709987,0.8454841926248505,598510.850738995
4464,2,2,2018,8739,1.5570715034115146,3.8209394053015946,628933.686616151
4882,5,3,1979,7003,0.8964361385966685,8.223392012685272,713552.2294375221
1245,3,1,2008,3890,3.4105444170313923,0.17070660950562594,250111.91239676074
4247,2,1,2016,7239,0.28662287293666444,4.621632869569819,561990.5240763127
4110,5,1,1994,9026,3.137845967883405,3.359383091879806,586470.4632970669
2500,2,3,1953,4306,3.5211723103148493,0.619568929987303,336365.5226960841
2705,4,3,1975,1897,1.1530910037949242,4.557339238058911,408955.7128442722
3806,1,2,1976,1670,0.305623959873808,2.622012202633517,455934.4998410911
1537,2,3,1995,8291,1.8818622587053033,3.583659860035364,317347.8686821329
2890,1,2,2013,2505,0.5831117281854887,7.0855915173645005,429491.78501266905
2841,5,2,2000,7460,0.6707414633993517,5.263354740718574,499194.69276197045
1920,1,3,1999,6167,1.3458800340798365,1.3340095470288522,373667.3698578212
3455,2,2,1955,6255,1.5477928306711208,9.618003950194026,482335.2574294692
1524,4,3,2008,1249,2.696854671004961,6.39551658052641,262812.4291819331
3875,5,2,1964,7457,3.4241202389647647,7.682097414059062,539757.7115349803
2529,2,3,1979,2892,3.004577610263906,0.8842101850828711,367122.8289341999
3950,5,3,1991,4439,0.8269656527186324,0.565877956654187,544494.552297774
4896,3,2,1986,3854,0.9432215590178695,0.29253569864400364,613491.3346093869
1035,1,1,1991,4792,4.405969323985281,1.9690608749571001,180499.13299277565
1684,3,2,1984,6330,2.8359263438141573,4.2026431374131015,316337.7040934154
1019,2,3,1955,8871,4.362695381198676,9.364678720687946,306079.59637808555
3368,4,1,2017,9235,1.9205779054673846,4.624890626731185,521504.2943138371
4847,5,2,1967,4612,3.110560036413487,2.973525543188041,626823.9633661378
3559,1,2,2022,3618,2.665950738667593,5.663159009844667,467582.8818415346
1399,5,2,1978,5678,1.6637051001202667,1.2081523235344136,319407.5797769391
3701,2,1,2008,4163,2.4025853229646175,6.134108320949333,454604.620891312
1971,5,3,1996,3942,2.5622052964519675,5.727476347871983,402402.2470729469
2906,1,2,1966,9411,1.0837777763077252,7.940731030716526,440367.1959384085
3518,2,2,1971,2925,1.643550824645985,9.868207355008538,439060.24186114024
2166,5,2,2017,3972,3.9779077774841807,2.583647369989494,390247.5552158656
2115,4,2,2018,1990,4.587362373325223,5.145598862957231,312999.13742951956
4425,2,2,1986,2812,1.8629910583719675,9.097767522558135,558092.2968466887
1833,2,3,1998,9995,1.6041641828241893,7.873379855786129,412959.2003420002
2823,4,3,1962,1489,1.0564661064022245,4.925322400697994,401655.4916192307
3774,3,2,1983,6876,3.4246067263878484,9.4591793311863,560634.619298472
2982,1,1,2002,4645,1.6831885381650529,0.6666432658164129,417953.2445685834
1853,3,3,2000,8081,4.939972741586024,9.316886335154582,373727.13515020383
1050,5,1,1952,3891,1.695855530113371,0.6000231845897849,246648.00586856317
4736,4,3,1991,4516,2.031266629234878,5.518316966735375,669700.0489798177
4769,3,2,1981,4340,3.0563375614389705,8.915365385210748,600339.726535722
1574,2,3,2000,7410,4.028253036637395,2.700937341256898,343095.9063030949
4261,5,2,1995,1053,2.4006414601936052,4.775260139557069,573778.3624226935
2148,5,3,1970,3575,2.171014565565896,3.3108559034559697,346647.8497414858
3197,3,2,1993,1615,4.978625384614561,9.526224779055878,371840.60030521837
3361,3,2,1960,6944,0.15141884158572777,8.254091388055599,483877.7359958977
3617,4,2,2017,8404,4.4858199153711045,7.119114962131158,508121.9583126257
4413,1,2,1950,1954,0.8307900471047135,5.917507167489576,507988.6406708278
3352,3,1,2012,2629,3.951033853423676,8.223858714309067,434298.44270255533
2715,3,2,1973,7859,3.1278646432468604,3.9834437110831162,419954.4577515801
1681,2,1,1962,9841,1.7750516989406513,4.530763365550013,309772.11717767286
1837,5,1,1960,4278,4.3819872820529895,7.327017038700529,265709.71627861605
4854,1,2,2000,6455,0.1632454171068607,3.641772156607771,649754.8716372768
2077,2,1,1966,4801,1.210784195167126,0.7326193262789008,289154.19235543866
4050,4,3,1973,3561,2.877774701622727,0.8359126279721075,508327.1792428136
3491,4,2,1968,7539,1.8225570742435204,1.2420917329264685,512488.3474451915
3660,3,1,1986,1370,3.0908497270598057,8.709845101102262,455336.30476199783
4040,3,2,1957,1857,0.21813994770246747,4.7750416149864225,505300.87448416074
3311,4,2,1977,5886,0.6706487593603914,7.157535456512891,463153.2804450805
4124,3,2,1954,8485,0.7227715770703523,3.9898024224884434,577185.3590402865
2595,1,1,1966,1383,1.0274898649884463,2.661238379414782,325797.38639100996
4051,3,3,1985,5334,2.3507240599226598,3.5372024588658983,565955.5110718992
4691,5,3,1968,5290,3.7854306277634993,7.962405218640117,622318.7567047706
1004,3,1,2013,3725,4.537140305851615,6.289639637811238,213395.43246578568
2126,2,2,1960,7204,4.193325398392806,9.38263382158323,298022.2011300499
2219,1,1,2003,7111,1.0647505717008496,6.829077307910656,332978.06201833347
1773,2,1,1994,5251,2.2616377059300987,5.74479815437147,262152.85135987186
1876,2,1,1996,1922,1.0771168290168216,6.140940488959761,298761.2028057193
1991,5,2,1961,3915,1.395911901669235,9.429477250737305,345081.59766068426
3931,1,1,1970,8957,2.5673802094082423,7.90318920568039,519132.41043355875
4421,1,2,1960,4046,0.4337342211452605,0.33800824992773437,519540.8875772898
1046,1,1,1954,2230,1.1690542150070389,5.387982991743402,176049.7017121838
3914,1,3,2005,8647,4.683352990404875,6.914550274310992,586269.487473501
3870,1,1,1969,5933,2.3839698340265962,7.5121149365476345,491327.9306225906
3983,5,1,1990,4940,2.2823939772915742,2.210106981207973,536874.374802263
4891,3,3,1995,7483,0.17137905828126662,8.685055809068388,693022.4095365376
3703,2,2,1961,1203,1.3122587605858944,9.56284715703412,450664.18132509023
1268,1,2,2019,1160,4.344832936312688,2.443481527864211,230753.87846336712
1369,3,1,1966,9960,0.9066792984674769,8.837893029420734,312702.4233141009
1635,3,3,1968,4748,2.1341122037201337,1.0600897489093444,307328.0385002835
2129,2,2,1975,7718,0.17022143874830614,0.6514976775409274,361364.56747103535
2693,5,1,1997,3581,2.4438438601857237,1.3793156210172188,390515.0062643306
2682,4,3,2001,2093,0.20300342295846407,0.6716366867236563,437160.3528985827
1656,4,2,2019,5500,4.116086810022419,8.465621147842182,312765.15176608955
1119,3,2,2004,9799,4.141783460686807,0.6845964301368923,283985.8939033526
1830,2,3,1982,6710,3.9599367226816127,2.7894754945001896,336991.7734670276
2810,4,3,2011,3875,1.4884839375664793,1.1271878010049783,477329.53112454165
4675,3,3,1972,4191,4.202462369286908,3.0246781595062733,602575.1713367405
2081,5,3,1964,2837,2.76069084976582,0.9965387292491128,346645.64710191323
2974,4,1,1976,1689,1.931659733448312,6.7132321823558385,390827.1050093379
2369,3,3,2013,4759,3.164116802550742,1.4199354817914942,403930.26468645217
1740,3,2,2000,3103,0.16047112569583263,8.53327466580499,265521.6288855223
4545,1,2,2002,1365,0.8005083002436856,8.190191402193745,559392.449956971
1116,5,1,2000,9092,3.737238337034288,0.23525068615903327,300247.7264276117
2853,1,2,1996,5172,1.2963918827091498,8.967690919599635,408393.78564576956
3838,2,2,1953,7033,3.0302446749108736,0.3865487357593339,534839.3619041448
2150,1,3,1956,3378,1.9870027538328456,2.4724932710798107,347132.48024475994
4464,1,2,1984,2205,4.288548316116381,0.4206524639823511,543061.9791849068
2931,4,1,1997,5988,4.766834999383554,3.4248505216892284,405714.9581606823
2012,3,3,2022,6669,4.429467169013933,5.187278604561389,363741.16333782976
2664,5,3,2021,3735,1.4260379739986238,7.986784203249867,469979.7367267967
2081,1,1,1994,9490,1.0513980583258031,3.446017349651378,322252.51381981565
1633,5,3,2021,1956,2.424730978741602,7.084351244263855,319675.04355878587
1512,1,3,1968,7623,0.13593733909728337,1.9562941254779056,326090.5353196573
4822,2,1,2012,2474,0.2264660250295905,7.530924721766851,547768.5904441351
3849,1,3,1987,5460,2.8111241341527005,2.436366398501452,529694.877707741
2119,4,1,2016,8002,2.6502020804099016,1.5210930838433026,402736.47804582625
4709,3,1,2008,7396,4.973451746272774,1.9355476187031377,580845.6722478635
2141,2,2,2018,3828,1.0890249932824148,1.9024249759303684,385695.85419154074
1559,1,2,1962,3850,1.3647092528862954,5.177342505832212,231702.50970775812
4672,5,3,1996,3964,0.6563491473988048,8.463496053762647,653089.483138784
1487,2,3,2010,5594,4.595960747303349,0.8880902622258058,302600.17743408476
4308,2,1,1980,7644,3.911275097846409,7.098867553084884,550475.0694316921
4956,1,3,1971,3850,4.1294616461385525,6.57802995056329,575204.7591052608
1896,2,1,1992,1165,4.523542561026093,8.737947523110687,269603.79891882004
4343,5,1,2016,1919,2.6720099349566078,2.5170608490183817,560630.5587432033
2212,2,3,2003,9305,2.310846638108546,4.556087600981793,450556.4827465386
1703,5,1,1959,4504,1.718918220961521,9.265691006990822,260331.373476621
2470,1,2,1991,1991,2.987151610304492,6.63393515633964,325715.61411456397
1580,3,3,2013,7047,2.3259641442701304,3.9488072873298097,352081.95678536367
3837,2,2,1970,4839,2.3126713743673184,1.400982590267158,503833.32348379475
3908,3,3,2015,2258,4.690946532282581,2.6986015782158517,536562.3726538196
3294,5,1,1990,8609,4.921754419967738,5.854033227144894,484648.82383453887
4147,2,3,1973,9706,4.002773507714946,7.209862680849086,631976.7907065899
1153,4,2,1984,5804,3.808114642209949,1.3317766798337456,264264.4965528801
2679,3,1,2005,1067,3.434734992717597,6.0360128744361345,288677.2234467291
4506,2,3,1979,6660,0.9137667764342172,5.548477660503635,616766.7086241128
1996,3,3,2006,5478,0.38961852229070715,5.188158922238009,403973.02816363215
4157,2,3,1996,9210,3.4845589440549896,6.932218865051879,581478.8643776624
3744,1,2,1984,4521,3.6710524890572227,8.390750991326271,453628.8827799629
4356,3,2,1968,1572,0.330167656380885,3.297597863450997,522063.7697278527
2243,4,3,1957,8082,4.647453576121356,8.901220682098499,368451.9752377522
2092,4,1,1975,8832,0.54658913327892,1.690272764923652,369508.7472945619
4118,5,1,2020,6395,1.5009126154788919,1.8129363105365273,603118.4451390533
2008,2,2,1979,3258,3.3947100827136523,2.741043429876847,332192.0607248088
3141,3,1,1956,7039,0.9323757125819341,1.2833556085160704,396559.7593498302
2773,5,2,2016,1650,0.37153785336699774,2.3801603243604883,418493.0573372554
1957,3,3,2014,6741,1.7226177969043341,1.1534764527381616,394897.3944502748
4059,2,2,1985,7838,3.853260716790378,8.235348928155364,551831.9147555965
1452,4,2,1974,3587,2.127025527027776,1.4757930196775837,312457.87267764134
2227,1,3,1986,8876,3.299567317348903,7.498245819842582,348750.03940177156
3959,4,1,1950,4262,2.9401335764178698,0.5743472923420041,444963.7061317987
3265,5,2,1964,2338,0.20887056192534403,9.49035124238776,491089.5464287506
3521,1,2,1986,5996,4.943845936523963,7.140484866524885,476768.9593158021
3479,5,3,1962,6780,0.302997635215,0.16728583100250666,532090.2942538642
3388,2,1,1957,3827,4.842233414477577,7.662179351982118,405628.62903698906
1550,1,2,1954,6232,2.7943344739855513,5.189411015585234,268523.26906570833
2635,5,3,2009,3217,4.819479232618826,7.815715186317686,404846.4728438686
2312,2,2,2022,4539,0.6622926371277937,5.272718408016826,380341.3858201729
4325,4,3,1950,8845,2.503001744009015,6.446146090590011,622585.1126825672
2757,2,1,1985,5383,0.9305700501436873,7.884683388410901,428303.0715881272
1356,3,1,1984,3961,0.34977689740996787,4.110569740419781,269119.57021824125
3070,2,1,2015,4226,3.125892663805327,0.12681068322247568,454290.1888025924
2785,2,1,2012,7837,1.1181387627122883,8.514470309857366,400393.4062031233
3569,3,2,1972,8031,2.9797153896089754,3.87081458998416,505996.6632696138
2781,5,2,1958,4716,0.6505859615500296,5.010822987564172,429341.1868833181
4908,5,1,1983,4414,1.7267337100202438,0.1768897573242903,587707.4266299153
4171,2,1,1995,2448,3.9299995344609115,4.971710902465969,516595.47818741505
3849,3,1,1953,1570,2.2415524570267196,9.866225275560122,457370.20788553153
4251,3,2,1979,3904,3.1759525329969485,2.8548498421058195,536062.2170938321
4294,4,1,2021,3505,3.2725439096531757,4.014640875399543,549405.9527063188
4977,5,1,1952,1917,4.234399715537739,6.9031809650398985,598372.1582337464
3809,1,1,1963,7982,1.6921216925925426,8.16645730848422,478184.17527581373
4730,5,3,2009,8427,3.4677482566543363,4.232177077660393,714582.7886323137
3489,5,1,1994,7336,4.811917454526212,3.1657218169727965,495493.9161786704
2631,4,3,1983,2678,3.6781923383535537,9.384475419852164,407224.48394391837
3816,1,3,1994,1615,2.5003653359169484,6.803735170049525,485679.7222619455
2015,4,1,2010,8086,3.1905154780104534,1.2783109144820968,413292.9886284893
2348,1,3,1965,5749,3.7244461990392304,0.7823859935330214,346137.5352091203
1515,2,1,2015,4505,3.1001512518999754,4.887143522824654,250696.44776613681
4087,1,2,1989,5529,0.18171148610021187,2.2788916538679973,513680.04136185424
3839,4,2,1966,2135,1.0543901386674068,2.61444905842491,476928.4569076517
1335,5,2,1983,9566,4.0712942643557835,8.789152570395697,334276.93826171575
2782,1,2,1965,8226,1.435988171831175,0.9867036407314757,455296.62827741384
3305,1,3,2009,6162,3.6846543858495564,7.1821047407660075,496044.24073719175
1496,3,1,2015,1206,1.9233890546843238,2.784308308467822,245150.91642357325
1895,5,1,2015,5875,2.657233207973922,7.627249391900963,325464.2945351084
3207,2,1,1962,2319,0.4330691691150782,7.251872706189091,411941.1548807785
4546,4,2,2005,2141,0.9880052491435768,0.17317982429850096,572924.7558262668
1851,2,2,1980,5627,4.790265121244249,5.140440587923831,273799.1991197398
2687,5,1,1983,8389,4.461676461889878,1.4792628755426591,422632.9681508099
2931,1,2,1988,3690,3.2961480434053465,8.6756476027289,346664.7998424744
3737,1,1,2016,8323,2.3522585271901133,8.728700240337824,485312.30963266664
4746,5,1,1957,4255,3.411230335186597,4.241623494188205,620572.0315475352
3427,1,1,2004,9281,3.1311904165603015,4.4995166226656975,454518.36280536477
2568,1,1,1976,6213,2.8859060524625995,3.1025011001048184,334135.00101666595
1956,1,1,2002,5108,0.389967652131355,7.194402359704307,308472.41753377224
3738,4,1,1988,4020,3.200732792241384,3.6507474939619455,489323.66614543146
4498,4,1,2014,2857,3.8677082183987253,2.7511454977740746,557087.8274626551
2636,3,2,1966,9996,4.97100010776332,4.379087489094632,385758.43699426646
2291,2,1,1979,3789,0.15428490771211742,1.0057264320358414,350182.6355821594
4906,5,1,2002,4875,3.677849921222316,7.491371725977618,614108.3106727509
4648,5,2,1962,8605,2.9017676480863046,0.22470437259069093,670025.4478304759
2440,5,2,1970,9135,2.2268556627966882,6.4804021090538795,418338.96714638575
2191,3,2,1968,7055,0.7250938553997173,1.910358814873237,396264.05869093974
4913,4,1,2002,4882,2.1045172283108937,2.40080005752269,652618.2827825114
2066,3,3,1968,8175,1.8364481966320632,6.3927567865363955,375936.1567152269
4627,5,3,2006,8129,1.5838664559958369,9.930140311250781,695249.531290883
1284,2,2,1974,6021,3.681310154278818,7.799403141818251,221333.1525244597
3444,1,3,1980,5735,3.533555054292893,2.3358123590115807,485520.2021109138
1011,4,2,2004,3387,2.986198445806467,1.8426450749072247,263140.91686315724
2630,4,1,1972,7582,4.699457585137524,8.675705415649936,401516.8635779449
4373,3,3,1981,6866,1.814286482486187,4.497421084422892,659515.6249602111
4969,4,1,2011,3566,1.29462949477988,1.4568227479987392,640117.1896239249
4324,5,3,1959,1975,3.313926234182158,8.635893090887187,547639.050686052
3546,5,1,2021,8212,1.0741888985932746,8.179314293851188,598987.4690732124
1753,3,3,2003,2262,1.6435514851987807,9.84067300258192,342535.5899183752
3082,5,1,2001,6047,1.2005519563669358,9.10646249845557,430502.62648374186
3774,2,1,1969,8382,0.43885248182065606,8.532724352739363,497809.7411395911
3896,3,3,1981,7231,4.154743834014799,0.6204865383289312,538752.6321507706
1089,2,1,1963,4327,1.34724866031614,1.1337121580313685,217212.63663056906
1775,1,1,1999,6630,2.4178347663808015,5.7329336236108155,305401.05328082095
3652,2,1,1977,3259,0.31224483894612853,5.361644538190026,469136.1699149893
4993,1,3,2002,2257,3.5267633846379516,4.633835823446401,576504.1580633848
4017,1,3,1973,1464,1.7197489113008253,4.028214321604384,485951.21018979046
2625,2,1,1971,4294,3.749209966363129,4.3689838001568555,343339.2612735546
4069,3,1,1979,7774,2.1207749962925444,5.736049547934472,509861.6644841884
1417,5,3,2012,8431,1.0592024713875607,0.12055752424080396,357656.8747876636
1114,5,3,1953,2230,2.6145579031819763,2.681016863915237,270074.86782348953
1616,1,1,2008,4805,0.739472342223455,5.2309692348182395,242140.14909467273
4974,1,1,1957,7419,2.2586418833776745,7.249939376869097,629152.0610806121
4267,3,1,1961,6750,1.6547968393603842,1.8241512547144239,574924.8463991936
1825,4,2,1980,4856,4.568601962578202,5.514123620495586,305388.12217052374
4572,2,3,1983,4135,0.3985507364315277,7.1731508704692395,586406.6354600195
2649,1,2,1998,7953,3.500685329118136,4.501813813347656,426561.31198396767
2516,5,3,2006,7034,0.995480713338436,0.3681032233335054,452339.6899920617
4146,3,3,1975,5589,1.6633208642279753,4.547754768809804,558865.6819111279
1412,2,3,1967,2546,2.1360189090041235,3.034804388667116,254467.7329862177
4447,3,3,1987,7065,4.5492739379373734,9.30353111624315,562695.4272783316
4491,2,3,1999,2094,1.2886335037617433,1.333672518215441,551263.6479949417
1728,2,3,1957,3411,0.5474131324688841,6.559511959521598,288300.1973981043
4348,1,3,1990,3617,1.6615790595535658,0.6219256867115613,575054.0996597726
4068,3,2,1955,9954,0.6129122556241134,4.517087334345695,568726.8726259602
3808,3,1,2018,5145,0.7301227812067074,5.584396923478798,516562.779610054
1675,5,1,1993,3775,2.911867930077631,3.049753820036968,260371.71836682226
4465,5,2,2013,7628,0.3984194721875173,4.605248791651806,669832.330892817
2892,1,2,1978,4155,0.25156131882847355,1.719182565848855,409674.65743122844
3504,1,2,1977,4970,3.6006290972054393,3.110826109733558,462156.9464570236
3967,4,2,1960,8972,1.8720707647211183,6.248952616611009,579075.7059194813
3239,5,3,2014,9775,0.7143392112459791,3.087820553025436,572053.0334606403
3786,2,1,1968,6415,1.3427025772125705,9.00745647624783,479853.5754662094
4760,3,3,1958,5331,3.2462238860267556,6.321228880645799,636850.7426636267
2122,1,1,1976,2942,1.450129178990171,4.442625282516246,289564.3517777484
2571,3,1,1983,7026,2.523153513089999,0.4836936619864065,390946.15019909514
1977,3,2,1993,9301,0.6963070029606941,5.045528518526245,387009.8433882602
2008,4,3,2017,1191,2.9816588242666904,7.671284797038383,336531.1197518534
3143,5,2,1964,1861,1.6487806508319942,2.7290202203228953,428921.76444701094
2687,1,3,2000,7711,3.172145329190711,8.087058339522796,439284.3422646818
3710,3,1,1962,1649,4.061134923289712,2.592886983903727,415374.2339572003
4261,1,2,1998,5134,3.097067455010963,8.255089240712925,523943.75276942615
4807,2,2,2019,8587,1.5491630567156014,0.9441565819556063,677065.3019230391
1036,4,1,2005,9828,1.3531441375866722,8.675218717803393,284534.2737797073
4851,2,1,2000,2036,1.7043626977938955,5.041945864239971,589824.1026896525
4440,1,1,1986,5131,0.9066405148588738,3.035722137240594,557418.6553011023
4766,1,2,1966,3148,0.9877420691650984,2.724621179109973,560864.1102735398
2548,5,3,2007,6457,3.974386399310823,4.37690453341059,458623.0907326088
3326,3,2,1978,7079,1.9851896248864807,9.990590031226086,504917.2810035202
3264,3,3,1982,3430,2.2363763847958706,2.2812411950320675,475676.46800341364
3914,2,2,2009,2879,3.010842381277375,1.1218448239020964,520325.6421310469
1872,4,2,2004,8542,2.989302126242584,5.891848170314753,368846.2241864043
2821,3,1,1959,3011,0.43014667045743615,4.936570417758546,392983.4938875643
2296,5,3,1996,4373,4.174549853054561,5.289543083526743,382053.8993526076
4952,2,2,1972,8357,0.9689001107973032,6.702660633816449,658493.6993270073
3109,2,2,1970,2289,3.6430510166433776,2.7447262917194286,447720.1416737824
1595,5,1,1962,2447,3.8860878418280165,9.115583454300495,255701.5984570726
2903,4,1,1982,4199,3.6030077170474373,4.413153454610675,390947.5833483148
1728,5,3,1973,7381,2.9369904681153116,1.3779533319103718,357081.2494936851
2365,4,2,1960,8522,0.17158408583352602,7.4487576916660485,410486.4879333594
1396,5,3,1966,7059,1.8658399125795366,6.466733090916717,342918.98298077384
1698,5,2,2017,4183,3.063713203876648,3.2258596845919674,333001.1244793724
4090,1,3,1996,6462,1.99851135002044,6.2530353679370805,550903.8516171928
3224,2,1,1974,4216,4.331051485072784,2.276633368052871,393122.16935080936
2635,5,2,2022,4136,1.6131311492131155,4.503909657471242,434831.42121692275
1395,5,3,1970,4318,1.5383204830474364,9.00418396945652,300332.11335008213
3492,3,1,1961,3782,1.4033886961540243,1.4219889082914194,456680.5909933189
4304,2,1,1986,8657,1.7306262579078981,3.928294854875874,594238.3717712825
4986,3,3,1991,5920,2.8312843251395177,8.229310004731438,713961.462417761
1075,2,2,1966,7324,3.564374941935695,9.697959904121165,205479.49505084835
1264,3,2,1997,7327,3.3465827969200475,4.593868750575779,299080.4598105528
3502,5,1,1977,9417,4.05781731790925,5.119296239419139,517927.77133880043
2819,5,2,1990,1776,4.440978577937382,5.76450242165932,358299.080066442
1717,1,2,1996,6208,4.0987873074824215,9.330246602173737,315446.43133344874
3782,3,2,1967,1687,0.19283247653433744,8.596247230672596,485933.0549182947
4455,4,1,2020,1529,3.705997972404745,1.7889511337542792,564967.1848606251
4635,1,3,1962,6067,1.121157910729825,4.423902396686042,569651.9291477111
1850,3,2,1962,9080,0.7513474092691149,4.69360423914462,352441.3201645456
4577,3,1,1980,6518,3.2285950455157644,7.912051505322691,555741.0343692126
2390,1,1,1951,3153,1.6667416574977052,6.068639537793809,343389.6710283299
1143,5,3,1965,7094,0.379874100515172,6.576782574087228,330654.85383822455
1884,3,2,1958,7974,0.7743856985519706,9.982179085889614,328166.5367556413
4140,5,2,2022,5774,0.10455414266280921,0.8421044303531293,579142.3468373407
4170,1,3,1987,8692,4.525795773989065,2.3077972529839568,584864.3252047459
1395,5,3,2003,4103,0.22062812082206912,4.1381697799783135,347137.1296617986
4096,2,1,2005,3440,1.1263332705966043,3.5430457901839834,481124.2157481144
3995,4,1,1994,5135,2.139687625370746,0.3142910573351375,516701.7773959477
3938,3,3,1983,8124,1.8471994971590138,1.008598304064641,562683.7100298612
2492,4,2,1958,6201,4.567456796872601,6.841437584895404,396370.2017489533
4555,5,1,1957,1844,0.29741583409925637,8.805312187289351,543251.026871324
4636,3,1,1956,1446,2.609852067617553,5.190847411533178,519761.16180282884
4222,5,2,1985,4915,3.4343493663694327,5.437991687184966,573233.3550937473
2167,2,1,1967,4109,4.665320071037727,2.625424985040556,276272.3584131905
3616,1,2,1952,2234,3.1398191354062335,7.701975999973742,396165.19358844386
2062,3,2,1977,7587,4.038400656457637,7.542766414935838,378728.9335499817
3156,2,2,2019,1226,0.5102521954422072,5.9248203232548,456633.63286912604
4764,2,3,1993,5143,1.9911036035909442,2.205376436462294,634260.7547348465
2065,3,3,1970,8185,1.9323409589474307,1.0604803605471855,396170.92495806806
2209,5,3,1977,6558,4.4428122606330165,0.7359619009855464,425750.25632744946
3982,2,2,2003,1186,0.8417187391900471,5.96769105976449,503016.7863763601
3445,4,2,2003,3535,0.8442422444494884,8.26784965951372,478979.3809993659
4294,2,3,2014,2932,1.7099349344404127,8.597471274631156,567859.636588716
1633,5,1,1970,3032,0.3668836320975042,4.689858536000153,308459.0960468618
2156,5,2,1962,2252,0.9940443991972013,7.864285863136497,335851.9255094536
4234,4,1,2006,6509,4.8295272288741025,9.474113943776134,542980.5992187823
2238,2,1,1998,6074,2.198101305349147,2.8241841136318735,351165.3503453243
1732,5,2,2003,2881,3.196894121269939,4.039807429169496,325110.1847151961
1234,3,2,1959,1269,3.657945170788721,9.321642026707138,207203.70201746322
4914,1,1,2002,2630,1.8981108943352825,3.44848657644112,585317.4379133147
3705,1,1,1993,5405,0.8214126646115332,9.147375274185784,459762.00782008795
1750,1,3,1996,7139,1.1122469794867262,9.812344136319211,352918.4922974163
3635,2,3,2002,2574,1.635005735244991,6.651926212886805,494482.363895134
4080,4,2,1995,2695,3.216735259725906,8.187213866091266,512443.2864858902
4145,5,3,1962,4258,2.0515746905363668,7.5205010857887435,584044.6597345702
1953,3,3,1986,4262,0.1333920197106278,7.025389150393686,342654.8737727179
3539,3,3,1973,2445,2.6646952068306122,3.1386176225142024,445401.95937222167
3960,2,3,1951,7263,4.615415620346347,0.6652339452886428,518875.64033077314
4324,1,1,1963,9411,4.079180293942527,3.4962121519445413,548985.1477174012
4301,2,2,1959,1052,4.143535719172192,6.702666253518675,502765.700792846
2542,4,3,1984,6570,3.9957842862700432,1.1150390624552338,412024.6404644327
2197,4,1,1974,8579,1.6862810454910762,0.21798803148459672,377527.35753230937
2676,5,1,1952,2666,3.849449785396521,1.4829544887690929,333697.6519509871
2191,5,1,1966,7901,0.8014906532748457,7.185785671466873,398057.41938695515
3217,4,3,1961,3785,3.3228091216521727,9.730657646398795,486551.9190244514
2416,4,3,2003,1719,3.2436859767564727,9.832340526186723,404924.88007979735
3993,4,2,1973,9597,0.22529201553969988,4.99039357648786,613452.7373555364
3842,2,3,1978,7855,3.961053654595565,8.70658777982424,558988.3430896031
3681,4,3,1992,3294,4.52591571496614,7.39458191193989,464078.24902516534
2217,3,1,1974,9263,1.4103348645133278,5.060298346147574,381261.49197568785
2540,1,2,2009,5482,4.080714548512139,5.770329276255359,365724.2455079858
3076,4,3,2014,1698,0.5037892621235462,1.458548751507024,483711.83215877326
4236,1,3,1977,8243,3.039842505479224,9.382848460104261,527695.981498873
2445,2,1,1965,6918,2.479669640137958,3.5841047302445905,362556.9011244692
3386,1,1,1996,1348,2.7750253132141003,4.516877638925978,395899.1201183555
4719,2,3,2007,6374,4.638405489233291,6.749436286879197,650067.1349255823
2519,3,2,1976,8869,4.3694447115095825,3.405634468112884,442796.883047834
2388,2,2,2002,1307,3.94690992047481,2.6171656937904126,310441.3643635802
2856,2,1,1991,4416,1.441122442624018,6.3473889933751835,372532.7900755684
2365,5,1,2008,5820,4.567911280561849,0.34734241459030957,388623.03360683477
1499,4,3,1996,4558,0.5777876930729887,7.235178609064121,356531.1367560018
2680,4,1,1983,5478,4.28131316113806,5.188831361777447,387387.49637819256
1510,3,3,1986,7531,1.7079843545326783,6.09696193215725,307589.8879880928
4398,3,2,1955,5620,0.3634843271437186,6.355613576544163,561709.5958644714
1216,4,2,1956,3985,3.379849222779667,5.31779654927638,239786.24062609448
2324,5,3,1974,9112,1.2332716487481818,5.867084396663286,451790.6059308749
2155,4,1,1982,9467,1.2934985167366966,6.869503188809758,372251.2515156593
2827,5,2,2004,3547,1.5996311145209805,7.555876587078774,420600.15396472387
4141,3,1,2007,1336,0.41205536076233196,7.301778673732593,490466.5846313278
4323,1,2,1956,3979,0.9679230065714448,8.70920293154939,547864.6057126693
4486,3,3,2006,4968,0.1251841751692455,1.9754899883572874,610483.0855499287
2810,3,3,1961,1910,2.2825066534183556,4.071364897968795,384320.21775657375
3492,2,3,1965,2996,0.5128513493480593,9.483181053543126,458247.50386923755
3923,2,2,1992,4129,3.4449977647165753,4.026246686424664,474719.6195396846
2205,2,1,1956,6447,1.2545519708390773,1.3362137613686345,316592.72028807964
3214,2,1,2000,7129,4.723513305772368,5.3019067509855775,466833.27870588336
1090,5,1,2022,6850,4.3691329742533975,1.1839606282891755,249784.6176646293
1713,4,2,1981,5204,1.5182603853442205,2.108247063405866,303367.60497334565
2881,1,2,1957,8446,3.937755727817726,9.983355690052472,383236.9501952737
4602,3,2,2021,9519,4.035900032857551,5.459490120121706,646938.7785109653
1038,5,2,1994,1314,4.934159259160611,2.9121780515002476,252566.56007802248
4197,1,2,2008,2134,3.029415935543857,9.94827205028167,505790.7638414576
4522,5,1,1953,5876,0.5016320997539447,9.668933293695918,585118.1487146221
1172,5,2,2016,9102,3.269502421739267,4.463316506734209,308000.22666722967
1652,3,2,1978,9347,3.162400767042573,2.6779907770002933,336447.6444919414
1753,4,1,1978,6592,3.227917829360116,8.400156417112681,328761.26056303905
2243,2,2,1977,2724,1.6050136757106366,7.184645098020678,326188.4742761896
4709,4,1,1993,4343,4.312429966893632,6.900720206534753,623502.5316002404
2081,3,1,1953,1886,4.801413696481519,8.941826039092478,284200.69972461375
2683,3,3,1958,1721,1.1667913135929426,6.925229625326113,378524.48689781054
3523,3,3,1954,8678,0.5319455748695578,2.909599636111337,536894.9149776986
1455,1,3,2005,4357,1.0532216625255721,6.96924530256975,320453.10913727497
1828,4,3,1999,1870,4.120705482353022,3.1275537617082736,318515.4303436312
1894,4,2,1964,7751,3.415558710617253,7.616465898604251,370894.1717537439
2384,5,3,1981,1497,3.216631977461721,6.2355037594665035,410109.48315575824
2958,5,1,1977,2756,2.06878636203618,0.8663743646490307,405065.3064686879
4072,5,2,1971,2117,2.9313570604060355,5.177070088107906,529575.2519285623
3434,3,3,1966,3828,1.6085832138444005,3.4986795950378355,501238.4880270678
2996,4,1,2008,2647,2.4382803891480105,3.352849264049713,428375.74957066064
3395,3,2,2020,7992,3.9860088390162143,6.062337393534847,527137.4330697941
1189,1,2,2006,7771,4.908083827531764,3.291015762247307,233609.08855653915
1504,5,3,1975,1142,4.669195725590029,7.791248107228239,249714.43870158563
2214,3,2,1974,3761,4.675943119946619,0.800835216510627,320424.1087649325
2531,3,1,1959,4435,2.0708963007508507,6.6378436987186715,372746.09086690063
4440,1,2,1994,7622,2.397070414483276,8.111028556201738,560916.1212288442
4480,2,1,1960,8069,3.5576134422080097,6.761033730212258,593105.4332023244
1823,4,2,2002,5512,4.618740447451293,5.022569030697958,344400.4110136192
1928,2,3,2021,2848,0.7957718708252148,9.508039435988193,359877.70570434124
1933,5,1,2017,3696,1.5907851327532594,3.0693910490008296,317646.0217423329
2140,3,2,1977,2717,0.7823095385111367,0.28976208649728,335414.7374747496
1133,1,2,2014,4072,3.0988417968013313,4.376694777488064,235627.9519611316
3105,1,2,1998,3786,1.600874884748934,0.4268181654132398,432528.147451296
4627,4,1,1996,4791,1.6979284773116101,9.543973850011447,594989.5317803649
1684,2,1,2001,4871,0.44748820149109836,2.17818865290571,286163.84073173656
3719,4,1,2003,2806,1.8140007028572007,7.910377537093907,485683.7605698933
3220,3,3,2009,2504,4.326232886267768,7.768263623426212,471311.8510465387
2852,4,3,2006,4308,1.2420567782650915,2.255516106861042,437983.95383299567
1814,1,1,1996,8117,3.5064185844293223,6.250142651753656,336228.7668042078
2172,1,2,1980,6048,3.1851788901991043,0.5759817880158571,359316.10288835753
1079,5,3,1995,9263,4.331074581008665,4.887388398468287,300683.2008428218
3933,5,1,1975,2690,0.7482109434900874,0.24500655999761872,519890.65959165833
4284,3,2,1954,4303,4.890190805690712,9.219324413790334,541289.6970809171
1202,2,3,2001,4113,2.9548803655977918,9.76325163957576,231086.4800547216
3811,4,2,2003,8850,4.97782334649939,2.3005993897219943,563249.8525453131
2252,3,2,1982,7416,4.566422156742669,2.1602497425040905,372297.33345708245
2699,5,2,1999,2504,1.1854346333542185,7.561829747965083,396539.38623512594
2250,4,2,1987,9924,0.3751938485262343,2.6084560484104116,433602.7114442387
2682,5,3,1976,4924,1.3526315595972718,8.961257935702266,426209.8527470556
2555,4,3,1964,9615,2.6850618800971575,5.781898447617524,480428.93353131146
4512,2,3,2010,5485,0.940822198619431,3.5726984678020903,608740.3041125524
4473,3,1,1970,9100,0.9205527481381437,8.343668088859259,614693.146970713
3094,4,3,1995,9684,2.3667083808152505,4.9847263340926125,492314.0040094279
2256,1,2,2018,1191,0.26301305872985625,9.125165845713909,321333.57278363756
4376,1,3,1955,9690,0.6972516044081253,9.287340943620872,607972.6241813657
2549,4,2,1987,5917,2.1377205630989433,1.7376595060712525,409757.91666612343
2166,4,1,2011,6831,0.40933655511903566,0.12300172070610971,378813.9495597909
4486,4,2,2011,5322,2.044099776632094,9.840916307409783,592408.2843025274
4584,1,2,1995,7999,2.422630703147381,9.070761607662046,618296.9004768991
2396,1,2,1962,8282,2.311206408958261,0.6489078334680299,399704.2172236482
4637,4,1,1952,2874,4.358956801275128,8.347039213016592,535154.9590634748
4957,5,3,1955,5763,2.697306029753489,4.632268832336146,639278.4508584636
4330,5,3,1957,9464,2.3931042661424127,2.663719889747255,675889.7454072774
3703,2,1,1993,2051,2.1124753024191647,8.799590584401605,428852.084245345
1470,3,2,1982,8538,4.1063545536919825,2.047005600664042,280112.77646121307
4018,5,3,1999,8411,4.485777359599182,9.478269994258662,561750.4048773501
2035,1,1,1960,7320,4.2808880990658755,2.135652728223477,303648.94471470034
2353,5,3,1977,3105,3.4003782328438157,6.1754635585145605,375824.3175669617
3783,2,1,2019,1307,0.7730725552465038,2.3085547118368512,493815.2154948574
3831,2,2,1990,8737,1.4566628505108603,5.5021197831894835,563406.2572331671
1967,3,3,1965,4359,0.32570901204168945,6.871353786159899,348594.1256453324
1357,5,1,2017,4176,4.661037967451559,1.983256515119362,263744.2097383679
4019,1,3,1997,2251,3.3379127954854613,5.256769248736724,531663.2122177893
4479,1,3,2005,6366,3.7571781331348837,4.743691469462178,636378.215899914
1667,4,3,2013,2517,1.6267015239529221,0.8032704718930783,348112.8058909404
1372,1,3,2008,7226,4.243702259158978,8.201247394985499,283269.60869223543
2031,3,1,2011,6305,1.3720560901715448,3.423255766364133,365497.77486042166
2145,3,2,1960,6869,0.10805440985100345,5.788363755763608,357319.569685637
2371,1,1,1967,9039,1.9444333163514005,5.19636392583803,342470.1231752055
3723,1,1,1968,5891,2.89673125669946,5.181278995247379,446064.28347881645
1089,4,1,2004,5992,2.4456538040310605,1.161501702664026,248766.66119442577
4719,1,2,1975,2961,4.324173098625326,4.292471891568394,553675.8561945758
3745,4,3,1955,3863,0.6164859011852181,4.578430916145045,562680.7626294381
4387,4,3,1953,7603,2.8137348591052556,7.3630641196080395,590664.4720726284
4249,1,3,1978,5567,2.613598814122447,8.416186436014915,583055.5892871993
1539,2,2,2008,7513,1.478825612643599,5.495324553190178,312295.35634974047
3779,2,3,1966,5005,4.128917751627352,0.9591512452434058,467518.56024771294
1868,4,2,1992,1183,3.788958413822811,2.444809758905808,281625.8781133734
1040,1,3,2015,8755,3.691010017925972,1.7328468658420377,310896.0429078819
1739,2,3,1983,4358,4.393343143520824,1.333689125572335,311072.98554340826
4775,1,1,1957,7615,3.6416445430454543,3.722403056316295,586808.3982017356
2946,1,2,1962,7797,1.2360223294021597,2.3709956713283824,460088.97285854846
3549,1,1,1957,9728,3.5572572870834867,2.2612008069339717,458405.786978934
4006,5,1,2014,8678,1.607743785610235,0.6414624283050497,573164.8100417987
4216,1,1,1992,6698,1.2866557867026058,0.2749334434747954,501097.21543708374
2224,5,2,1988,2273,0.45771760520817395,1.1174056022328398,381765.64779658196
1928,4,2,2008,7653,3.7457400437036164,1.8047550462939674,382546.22940778
3036,2,3,1993,2096,3.5839047135540754,4.366738915597211,431753.0679084547
4795,2,1,1958,9002,1.2490474406030594,5.154150586858562,591960.3877289906
3508,2,3,1986,5247,3.7719571819483644,1.4918599899163194,462333.3749819448
3779,2,1,1985,6314,4.59742032715841,4.305355081089444,458355.1771144519
3799,2,2,1977,4354,0.6293418917087383,3.4833135390266805,485358.5315552556
1924,2,2,1991,1270,1.2399195280951973,1.915894070629765,322063.6864671513
3956,2,2,1992,2186,3.7762778910278465,0.16772340666879915,512913.421613842
2581,4,1,1991,7305,1.4450827001846835,4.723476878565243,404036.69680810487
4618,1,2,2015,3398,3.1608534739902123,6.887952317725474,575072.8201775232
4324,3,1,2004,7995,0.49770469987220123,2.3401456080236898,584454.0859696604
1389,5,3,2021,8299,2.31579214760734,1.4048876159771257,375191.7468616193
2617,3,1,1997,5182,3.7215479677654706,8.881723170024923,350268.62223630777
3930,3,3,1971,3230,3.4639183209119375,2.8227452476291983,534162.6920672897
1255,1,1,1976,7511,4.0938532933114535,2.3137649359473813,217332.90264580748
1708,1,3,2016,1128,4.399515420355527,8.585259702138167,284115.46376694733
2838,1,2,1962,4672,3.8885991561679156,8.189360281750936,363839.18577352265
2944,2,3,1994,5765,3.3907799404007375,4.538630058193872,430255.95116783696
3497,4,2,1959,4970,0.25544020989855265,4.943464728134967,523439.2685673654
1009,2,2,1958,8545,2.721336699706276,2.2557121778568177,251526.52802148712
3871,4,3,2003,6552,0.2847188520827787,0.8751865377476192,583877.5917808673
1797,4,1,1976,1627,4.059532303868511,5.776975071021044,271558.92957666167
4313,3,1,1983,7589,1.6715501698537925,1.07361472374311,550958.8130354902
